entity,year_2004,year_2005,year_2006,year_2007,year_2008,year_2009,year_2010,year_2011,year_2012,year_2013,year_2014,year_2015,year_2016,year_2017,year_2018,year_2019,year_2020
Jobs,0.859,0.745,0.708,0.790,0.861,0.926,0.944,1.000,0.935,0.813,0.935,0.947,0.927,0.851,0.914,0.953,0.9
taxes,0.533,0.765,0.755,0.565,0.800,0.639,0.736,0.664,0.759,0.618,0.662,0.604,0.499,0.579,0.928,0.760,0.8
Oil,0.000,0.000,0.157,0.139,0.150,0.164,0.146,0.182,0.198,0.208,0.251,0.294,0.322,0.000,0.345,0.000,0.7
Mexico,0.000,0.000,0.000,0.000,0.000,0.000,0.000,0.000,0.000,0.000,0.000,0.188,0.000,0.000,0.000,0.323,0.6
Abortion,0.000,0.000,0.053,0.000,0.000,0.000,0.033,0.000,0.000,0.033,0.032,0.029,0.025,0.000,0.000,0.294,0.5
Prison,0.093,0.000,0.000,0.099,0.000,0.000,0.000,0.000,0.000,0.000,0.000,0.178,0.202,0.000,0.213,0.277,0.4
war,0.405,0.355,0.298,0.260,0.217,0.242,0.213,0.184,0.184,0.186,0.166,0.203,0.173,0.204,0.000,0.214,0.3
Crime,0.108,0.113,0.102,0.000,0.000,0.000,0.096,0.000,0.000,0.000,0.000,0.091,0.000,0.117,0.000,0.181,0.2
drugs,0.144,0.138,0.121,0.115,0.000,0.000,0.000,0.000,0.000,0.000,0.000,0.000,0.141,0.132,0.000,0.158,0.1
Education,0.429,0.388,0.000,0.000,0.297,0.340,0.321,0.260,0.234,0.205,0.207,0.215,0.185,0.193,0.000,0.157,0
energy,0.111,0.114,0.137,0.118,0.135,0.163,0.152,0.148,0.141,0.139,0.132,0.141,0.140,0.000,0.148,0.146,0
China,0.000,0.000,0.166,0.000,0.146,0.135,0.135,0.133,0.112,0.101,0.105,0.109,0.109,0.000,0.107,0.128,0
Border,0.035,0.039,0.037,0.029,0.030,0.000,0.029,0.026,0.026,0.025,0.022,0.028,0.024,0.034,0.033,0.120,0
NAFTA,0.005,0.005,0.003,0.004,0.005,0.004,0.003,0.002,0.003,0.003,0.002,0.002,0.002,0.005,0.004,0.113,0
MS-13,0.000,0.000,0.010,0.002,0.003,0.002,0.002,0.001,0.001,0.002,0.001,0.001,0.001,0.001,0.087,0.112,0
Military,0.134,0.124,0.121,0.122,0.113,0.000,0.125,0.115,0.113,0.113,0.108,0.104,0.109,0.111,0.110,0.110,0
immigration,0.079,0.086,0.078,0.083,0.076,0.000,0.056,0.056,0.056,0.064,0.073,0.057,0.055,0.142,0.116,0.108,0
Venezuela,0.022,0.022,0.027,0.022,0.000,0.000,0.000,0.015,0.020,0.023,0.028,0.021,0.018,0.017,0.019,0.104,0
trade,0.123,0.000,0.090,0.000,0.102,0.000,0.096,0.092,0.086,0.082,0.082,0.092,0.000,0.090,0.095,0.098,0
unemployment,0.000,0.054,0.000,0.055,0.000,0.160,0.150,0.000,0.156,0.099,0.170,0.097,0.081,0.058,0.084,0.088,0
Health Care,0.137,0.121,0.106,0.120,0.121,0.123,0.138,0.124,0.109,0.104,0.113,0.117,0.110,0.111,0.128,0.080,0
Russia,0.000,0.000,0.000,0.000,0.000,0.000,0.062,0.000,0.050,0.051,0.000,0.070,0.067,0.000,0.082,0.080,0
economy,0.065,0.070,0.061,0.050,0.092,0.108,0.057,0.053,0.053,0.051,0.049,0.059,0.058,0.058,0.061,0.079,0
Wages,0.000,0.041,0.040,0.055,0.044,0.045,0.042,0.042,0.047,0.151,0.000,0.074,0.065,0.059,0.068,0.078,0
Israelis,0.000,0.048,0.067,0.048,0.042,0.042,0.000,0.000,0.036,0.031,0.033,0.041,0.000,0.035,0.037,0.054,0
ICE,0.000,0.004,0.003,0.006,0.004,0.005,0.004,0.006,0.005,0.004,0.005,0.003,0.005,0.012,0.011,0.048,0
Manufacturing,0.160,0.127,0.000,0.000,0.000,0.000,0.000,0.065,0.064,0.056,0.058,0.054,0.053,0.058,0.054,0.045,0
Veterans,0.000,0.022,0.030,0.027,0.027,0.028,0.028,0.000,0.031,0.028,0.032,0.037,0.035,0.000,0.000,0.045,0
Social Security,0.007,0.017,0.004,0.005,0.010,0.009,0.012,0.009,0.008,0.007,0.011,0.009,0.010,0.009,0.012,0.041,0
Social Security,0.089,0.122,0.080,0.082,0.081,0.069,0.058,0.070,0.073,0.067,0.076,0.077,0.070,0.000,0.000,0.041,0
Social security,0.024,0.083,0.022,0.021,0.024,0.023,0.023,0.033,0.029,0.026,0.029,0.038,0.033,0.000,0.000,0.041,0
HIV,0.000,0.050,0.049,0.037,0.039,0.000,0.028,0.025,0.024,0.022,0.022,0.019,0.021,0.019,0.017,0.040,0
Marines,0.000,0.000,0.000,0.061,0.000,0.061,0.000,0.058,0.000,0.000,0.000,0.000,0.000,0.000,0.000,0.039,0
Colombia,0.000,0.039,0.035,0.000,0.037,0.000,0.107,0.000,0.027,0.031,0.000,0.036,0.038,0.000,0.000,0.038,0
Brazil,0.000,0.000,0.000,0.000,0.000,0.000,0.000,0.000,0.000,0.000,0.000,0.058,0.000,0.000,0.000,0.036,0
Mental health,0.000,0.033,0.034,0.000,0.000,0.000,0.029,0.030,0.029,0.030,0.031,0.032,0.031,0.000,0.000,0.036,0
Cuba,0.000,0.033,0.032,0.000,0.026,0.000,0.026,0.025,0.026,0.024,0.025,0.060,0.035,0.000,0.034,0.035,0
Romney,0.000,0.000,0.002,0.007,0.000,0.001,0.004,0.003,0.000,0.009,0.009,0.011,0.004,0.002,0.003,0.035,0
Health Insurance,0.072,0.061,0.053,0.060,0.053,0.053,0.049,0.044,0.040,0.000,0.047,0.053,0.000,0.044,0.000,0.034,0
Minimum wage,0.010,0.011,0.011,0.000,0.019,0.021,0.019,0.016,0.019,0.120,0.112,0.040,0.031,0.000,0.000,0.032,0
Income tax,0.052,0.073,0.000,0.045,0.000,0.000,0.050,0.000,0.000,0.000,0.042,0.035,0.000,0.000,0.000,0.030,0
Muslims,0.020,0.020,0.038,0.025,0.029,0.020,0.021,0.022,0.021,0.022,0.019,0.037,0.035,0.035,0.019,0.030,0
Homeland Security Department,0.026,0.022,0.021,0.024,0.018,0.022,0.019,0.016,0.014,0.013,0.014,0.014,0.012,0.015,0.014,0.030,0
Thailand,0.000,0.000,0.035,0.000,0.000,0.025,0.027,0.024,0.024,0.026,0.029,0.028,0.026,0.000,0.000,0.028,0
Medicare,0.039,0.000,0.059,0.040,0.045,0.044,0.049,0.048,0.046,0.042,0.046,0.050,0.049,0.000,0.000,0.027,0
NOAA,0.031,0.028,0.033,0.000,0.000,0.000,0.000,0.000,0.000,0.000,0.000,0.000,0.027,0.000,0.019,0.026,0
Veteran Affairs,0.026,0.026,0.030,0.031,0.033,0.038,0.041,0.043,0.040,0.038,0.039,0.043,0.035,0.040,0.046,0.026,0
Medicaid,0.018,0.029,0.034,0.029,0.029,0.000,0.034,0.036,0.036,0.000,0.042,0.049,0.000,0.044,0.000,0.026,0
Iran,0.035,0.041,0.043,0.032,0.024,0.025,0.030,0.023,0.044,0.029,0.034,0.041,0.125,0.022,0.020,0.025,0
FBI,0.030,0.031,0.024,0.021,0.026,0.025,0.022,0.022,0.020,0.021,0.019,0.017,0.020,0.018,0.000,0.025,0
Stock Market,0.035,0.025,0.025,0.021,0.000,0.046,0.022,0.022,0.023,0.020,0.028,0.024,0.000,0.047,0.066,0.025,0
El Salvador,0.015,0.019,0.016,0.011,0.015,0.025,0.027,0.015,0.020,0.016,0.020,0.018,0.018,0.000,0.018,0.024,0
NATO,0.008,0.009,0.005,0.003,0.005,0.005,0.004,0.005,0.004,0.005,0.005,0.006,0.005,0.014,0.006,0.023,0
Property taxes,0.000,0.031,0.032,0.000,0.000,0.000,0.000,0.029,0.030,0.028,0.031,0.028,0.023,0.000,0.000,0.023,0
Arabic,0.020,0.016,0.027,0.022,0.029,0.000,0.000,0.031,0.027,0.023,0.023,0.026,0.023,0.000,0.000,0.022,0
NASA,0.000,0.000,0.000,0.000,0.000,0.000,0.034,0.043,0.029,0.024,0.022,0.038,0.031,0.000,0.000,0.022,0
Egypt,0.000,0.051,0.044,0.000,0.000,0.037,0.000,0.000,0.000,0.024,0.028,0.033,0.028,0.000,0.000,0.022,0
Abraham Lincoln,0.000,0.000,0.000,0.026,0.027,0.000,0.026,0.025,0.031,0.000,0.022,0.025,0.024,0.000,0.000,0.022,0
Peru,0.000,0.033,0.031,0.000,0.036,0.000,0.000,0.028,0.027,0.026,0.025,0.028,0.024,0.000,0.000,0.022,0
hurricane,0.019,0.028,0.000,0.000,0.026,0.000,0.024,0.023,0.019,0.027,0.020,0.017,0.020,0.000,0.031,0.021,0
C-SPAN,0.011,0.016,0.031,0.021,0.011,0.016,0.018,0.016,0.011,0.010,0.010,0.007,0.006,0.007,0.009,0.021,0
Islam,0.000,0.000,0.043,0.026,0.026,0.000,0.030,0.024,0.024,0.021,0.022,0.040,0.028,0.026,0.000,0.020,0
Middle Class,0.000,0.004,0.002,0.002,0.004,0.003,0.005,0.002,0.006,0.006,0.004,0.019,0.004,0.006,0.005,0.020,0
South Korea,0.029,0.023,0.018,0.018,0.017,0.021,0.021,0.024,0.019,0.023,0.030,0.020,0.021,0.000,0.000,0.020,0
Drug Overdose,0.007,0.006,0.009,0.007,0.010,0.012,0.008,0.014,0.013,0.011,0.012,0.012,0.015,0.014,0.016,0.020,0
Afghanistan,0.021,0.021,0.016,0.015,0.017,0.019,0.030,0.026,0.021,0.020,0.017,0.014,0.012,0.011,0.014,0.019,0
opioids,0.000,0.003,0.004,0.002,0.003,0.004,0.004,0.004,0.004,0.004,0.004,0.006,0.006,0.011,0.023,0.018,0
North Korea,0.015,0.008,0.011,0.007,0.004,0.007,0.008,0.008,0.006,0.046,0.013,0.013,0.018,0.016,0.062,0.018,0
Tariff,0.007,0.007,0.010,0.005,0.005,0.006,0.007,0.005,0.005,0.005,0.006,0.007,0.006,0.009,0.008,0.018,0
Federal Government,0.000,0.039,0.031,0.028,0.025,0.027,0.019,0.036,0.017,0.018,0.021,0.018,0.017,0.014,0.015,0.018,0
September 11 attacks,0.033,0.030,0.043,0.026,0.022,0.020,0.019,0.019,0.021,0.015,0.015,0.016,0.016,0.017,0.017,0.018,0
Mexico-United States barrier,0.000,0.000,0.000,0.000,0.001,0.000,0.000,0.000,0.000,0.000,0.000,0.000,0.000,0.001,0.001,0.017,0
Affordable Care Act,0.004,0.000,0.002,0.002,0.002,0.002,0.004,0.009,0.011,0.030,0.074,0.040,0.030,0.036,0.018,0.017,0
Department of Defense,0.000,0.038,0.000,0.000,0.000,0.000,0.028,0.024,0.024,0.020,0.018,0.017,0.013,0.019,0.015,0.017,0
Pakistani,0.037,0.026,0.025,0.016,0.020,0.020,0.018,0.017,0.018,0.019,0.018,0.034,0.020,0.018,0.018,0.016,0
Planned Parenthood,0.023,0.017,0.024,0.018,0.019,0.018,0.014,0.021,0.020,0.016,0.015,0.015,0.019,0.000,0.015,0.016,0
Capital punishment,0.028,0.000,0.031,0.022,0.016,0.021,0.017,0.017,0.015,0.016,0.017,0.017,0.013,0.014,0.013,0.016,0
United Nations,0.037,0.041,0.036,0.028,0.024,0.024,0.023,0.018,0.017,0.018,0.015,0.016,0.016,0.017,0.016,0.016,0
Haiti,0.012,0.018,0.019,0.013,0.014,0.015,0.269,0.027,0.020,0.019,0.016,0.016,0.016,0.018,0.019,0.016,0
John McCain,0.005,0.003,0.008,0.022,0.000,0.013,0.012,0.007,0.007,0.004,0.005,0.004,0.005,0.006,0.008,0.015,0
Chile,0.000,0.031,0.035,0.023,0.028,0.000,0.000,0.024,0.020,0.018,0.019,0.019,0.019,0.018,0.017,0.015,0
Norway,0.023,0.018,0.021,0.013,0.013,0.012,0.015,0.017,0.019,0.012,0.017,0.014,0.015,0.013,0.019,0.015,0
Panama,0.029,0.025,0.019,0.020,0.021,0.020,0.026,0.019,0.016,0.016,0.017,0.017,0.014,0.015,0.013,0.015,0
Iraq,0.099,0.155,0.089,0.115,0.073,0.048,0.035,0.031,0.029,0.018,0.018,0.023,0.018,0.016,0.014,0.014,0
DACA,0.000,0.000,0.000,0.000,0.000,0.000,0.000,0.000,0.000,0.002,0.002,0.004,0.003,0.009,0.000,0.014,0
Poland,0.024,0.029,0.023,0.018,0.015,0.019,0.029,0.016,0.015,0.014,0.014,0.016,0.016,0.015,0.015,0.014,0
Parental Leave,0.000,0.004,0.000,0.002,0.003,0.002,0.004,0.002,0.003,0.003,0.004,0.005,0.005,0.005,0.005,0.014,0
Pensions,0.023,0.025,0.022,0.023,0.019,0.020,0.020,0.021,0.019,0.016,0.020,0.018,0.017,0.018,0.020,0.014,0
Netherlands,0.031,0.031,0.026,0.023,0.021,0.024,0.024,0.016,0.016,0.016,0.014,0.016,0.015,0.016,0.016,0.014,0
Middle East,0.030,0.025,0.024,0.021,0.017,0.015,0.012,0.015,0.014,0.012,0.012,0.014,0.016,0.013,0.012,0.014,0
San Bernardino,0.016,0.014,0.017,0.010,0.014,0.014,0.011,0.016,0.018,0.028,0.015,0.016,0.019,0.019,0.017,0.013,0
Belgium,0.028,0.021,0.017,0.014,0.016,0.014,0.016,0.013,0.013,0.015,0.012,0.014,0.012,0.013,0.013,0.013,0
Jerusalem,0.015,0.012,0.009,0.008,0.009,0.010,0.007,0.008,0.008,0.008,0.008,0.009,0.007,0.007,0.011,0.013,0
Biden,0.000,0.000,0.002,0.005,0.003,0.017,0.014,0.017,0.016,0.000,0.032,0.029,0.000,0.013,0.005,0.013,0
terrorism,0.035,0.026,0.028,0.021,0.018,0.019,0.019,0.014,0.010,0.010,0.011,0.021,0.018,0.019,0.015,0.013,0
Syria,0.007,0.010,0.008,0.007,0.005,0.004,0.008,0.005,0.010,0.012,0.014,0.011,0.022,0.019,0.012,0.012,0
ISIS,0.013,0.005,0.005,0.005,0.005,0.003,0.003,0.004,0.004,0.003,0.005,0.000,0.000,0.017,0.011,0.012,0
Saudi Arabia,0.013,0.014,0.015,0.012,0.011,0.014,0.032,0.012,0.011,0.011,0.012,0.019,0.016,0.014,0.010,0.012,0
Climate change,0.005,0.003,0.003,0.006,0.007,0.007,0.008,0.004,0.005,0.008,0.010,0.009,0.009,0.014,0.010,0.012,0
National Debt of the United States,0.009,0.008,0.008,0.005,0.005,0.007,0.011,0.013,0.015,0.007,0.007,0.010,0.011,0.008,0.005,0.011,0
Common core,0.000,0.004,0.003,0.003,0.002,0.003,0.003,0.005,0.010,0.020,0.028,0.029,0.024,0.017,0.015,0.011,0
Charter schools,0.012,0.011,0.015,0.013,0.010,0.017,0.017,0.018,0.016,0.014,0.015,0.015,0.014,0.015,0.014,0.011,0
Ukraine,0.019,0.015,0.011,0.011,0.013,0.009,0.012,0.009,0.009,0.010,0.034,0.025,0.014,0.013,0.012,0.011,0
FDA,0.033,0.033,0.023,0.026,0.024,0.023,0.023,0.022,0.018,0.018,0.018,0.019,0.016,0.018,0.020,0.011,0
American Armed Forces,0.010,0.008,0.010,0.009,0.008,0.006,0.007,0.006,0.007,0.006,0.005,0.006,0.007,0.007,0.006,0.011,0
Teddy Roosevelt,0.020,0.012,0.011,0.010,0.010,0.014,0.008,0.009,0.009,0.011,0.008,0.009,0.010,0.011,0.012,0.010,0
Nuclear power,0.028,0.022,0.020,0.017,0.018,0.019,0.020,0.014,0.013,0.016,0.012,0.015,0.012,0.013,0.013,0.010,0
Dwight D. Eisenhower,0.008,0.005,0.008,0.006,0.005,0.007,0.005,0.006,0.005,0.006,0.006,0.006,0.005,0.009,0.006,0.010,0
Bali,0.009,0.007,0.007,0.008,0.008,0.007,0.005,0.006,0.007,0.005,0.006,0.008,0.007,0.009,0.008,0.010,0
Indonesia,0.024,0.019,0.016,0.013,0.016,0.011,0.014,0.013,0.012,0.012,0.016,0.036,0.014,0.014,0.011,0.010,0
Government,0.000,0.027,0.018,0.018,0.016,0.015,0.015,0.010,0.011,0.009,0.010,0.011,0.011,0.009,0.011,0.010,0
Morocco,0.014,0.012,0.013,0.011,0.014,0.014,0.020,0.010,0.011,0.007,0.010,0.010,0.010,0.011,0.015,0.010,0
Global warming,0.016,0.017,0.020,0.050,0.041,0.026,0.022,0.014,0.009,0.011,0.015,0.011,0.009,0.013,0.009,0.010,0
Estate tax in the United States,0.009,0.005,0.004,0.003,0.003,0.002,0.003,0.003,0.002,0.002,0.002,0.003,0.002,0.001,0.002,0.010,0
Arab,0.014,0.015,0.018,0.014,0.016,0.016,0.031,0.015,0.014,0.014,0.017,0.023,0.016,0.013,0.010,0.009,0
Capitol,0.007,0.008,0.009,0.004,0.004,0.006,0.004,0.007,0.005,0.004,0.005,0.006,0.006,0.005,0.009,0.009,0
Edison,0.006,0.005,0.007,0.007,0.007,0.009,0.009,0.010,0.010,0.009,0.008,0.008,0.008,0.010,0.010,0.009,0
Treasury,0.023,0.019,0.020,0.016,0.021,0.024,0.013,0.012,0.014,0.012,0.011,0.012,0.008,0.011,0.014,0.008,0
Denmark,0.015,0.017,0.025,0.008,0.012,0.010,0.012,0.011,0.013,0.007,0.010,0.010,0.010,0.010,0.010,0.008,0
Confederate states,0.018,0.010,0.008,0.010,0.006,0.009,0.007,0.006,0.006,0.006,0.007,0.007,0.010,0.014,0.008,0.008,0
Legality of cannabis,0.006,0.004,0.004,0.003,0.004,0.015,0.005,0.005,0.004,0.006,0.011,0.006,0.005,0.006,0.006,0.008,0
Pope Francis,0.000,0.000,0.000,0.000,0.000,0.001,0.000,0.000,0.000,0.006,0.009,0.012,0.004,0.007,0.003,0.008,0
Federal Housing Administration,0.008,0.008,0.007,0.005,0.017,0.026,0.017,0.014,0.016,0.013,0.010,0.014,0.010,0.011,0.011,0.008,0
Georgetown University,0.014,0.017,0.009,0.014,0.010,0.010,0.010,0.010,0.009,0.006,0.008,0.008,0.008,0.007,0.006,0.008,0
Torture,0.016,0.016,0.013,0.008,0.009,0.011,0.012,0.010,0.010,0.009,0.010,0.012,0.008,0.010,0.008,0.008,0
Federal reserve system,0.021,0.027,0.024,0.014,0.000,0.017,0.019,0.014,0.017,0.010,0.018,0.011,0.015,0.012,0.015,0.008,0
Rubio,0.000,0.000,0.000,0.000,0.000,0.000,0.001,0.001,0.004,0.000,0.004,0.005,0.017,0.004,0.006,0.007,0
Coast Guard,0.017,0.016,0.014,0.021,0.018,0.015,0.012,0.011,0.010,0.009,0.009,0.010,0.009,0.008,0.011,0.007,0
Putin,0.000,0.004,0.007,0.001,0.002,0.002,0.001,0.003,0.002,0.002,0.005,0.007,0.008,0.010,0.007,0.007,0
Beijing,0.014,0.016,0.012,0.011,0.021,0.015,0.012,0.009,0.010,0.008,0.008,0.009,0.008,0.008,0.008,0.007,0
Law Enforcement,0.012,0.010,0.011,0.007,0.009,0.010,0.008,0.008,0.008,0.008,0.007,0.006,0.007,0.008,0.007,0.007,0
Anti-abortion movements,0.007,0.006,0.004,0.004,0.003,0.003,0.005,0.003,0.004,0.002,0.002,0.003,0.002,0.002,0.003,0.007,0
Genetically modified organism,0.004,0.005,0.004,0.003,0.003,0.003,0.003,0.004,0.006,0.009,0.012,0.011,0.010,0.012,0.008,0.007,0
Thrift Savings Plan,0.015,0.022,0.015,0.014,0.013,0.008,0.008,0.011,0.009,0.010,0.009,0.010,0.007,0.009,0.009,0.007,0
Little League,0.009,0.012,0.012,0.014,0.012,0.015,0.012,0.014,0.012,0.011,0.010,0.009,0.007,0.010,0.008,0.007,0
European Union,0.021,0.015,0.013,0.012,0.011,0.011,0.011,0.008,0.010,0.007,0.007,0.010,0.006,0.007,0.008,0.007,0
Mattis,0.000,0.005,0.000,0.000,0.001,0.000,0.000,0.001,0.001,0.000,0.001,0.000,0.000,0.005,0.011,0.007,0
Taliban,0.010,0.003,0.003,0.001,0.002,0.004,0.003,0.001,0.003,0.002,0.002,0.003,0.002,0.002,0.003,0.006,0
Hispanic American,0.009,0.008,0.008,0.004,0.006,0.006,0.004,0.004,0.003,0.005,0.004,0.003,0.003,0.005,0.005,0.006,0
Lebanon,0.011,0.011,0.008,0.017,0.011,0.012,0.011,0.015,0.008,0.006,0.007,0.010,0.008,0.007,0.007,0.006,0
National Anthem,0.009,0.005,0.006,0.005,0.006,0.004,0.004,0.004,0.008,0.004,0.006,0.004,0.006,0.004,0.008,0.006,0
Mad Men,0.000,0.000,0.000,0.000,0.002,0.005,0.009,0.010,0.015,0.009,0.011,0.008,0.007,0.005,0.005,0.006,0
Truman,0.009,0.017,0.010,0.009,0.012,0.009,0.006,0.005,0.006,0.006,0.005,0.006,0.005,0.009,0.007,0.006,0
Seoul,0.004,0.004,0.005,0.005,0.003,0.005,0.005,0.004,0.005,0.005,0.004,0.005,0.004,0.006,0.006,0.006,0
Yemen,0.005,0.004,0.004,0.003,0.002,0.003,0.007,0.004,0.005,0.004,0.004,0.028,0.006,0.000,0.005,0.006,0
Tax Cuts,0.007,0.007,0.011,0.005,0.012,0.013,0.007,0.004,0.003,0.001,0.001,0.002,0.001,0.002,0.016,0.006,0
Border Patrol Agents,0.005,0.000,0.005,0.005,0.003,0.007,0.004,0.003,0.003,0.002,0.002,0.002,0.002,0.004,0.003,0.005,0
Aid,0.011,0.008,0.008,0.008,0.009,0.008,0.009,0.008,0.008,0.006,0.006,0.007,0.006,0.008,0.008,0.005,0
Electoral college,0.022,0.004,0.002,0.004,0.009,0.003,0.002,0.003,0.004,0.004,0.003,0.003,0.005,0.006,0.004,0.005,0
First amendment,0.005,0.012,0.008,0.005,0.008,0.006,0.010,0.006,0.007,0.005,0.005,0.005,0.006,0.006,0.007,0.005,0
Burma,0.010,0.006,0.007,0.007,0.007,0.005,0.005,0.006,0.010,0.009,0.011,0.009,0.009,0.007,0.007,0.005,0
Youngstown,0.014,0.008,0.007,0.011,0.008,0.007,0.007,0.009,0.009,0.011,0.010,0.010,0.010,0.009,0.009,0.005,0
Warren Buffett,0.007,0.006,0.004,0.004,0.005,0.006,0.005,0.007,0.029,0.005,0.007,0.004,0.007,0.011,0.011,0.005,0
Congo,0.009,0.008,0.006,0.008,0.006,0.005,0.005,0.005,0.006,0.005,0.005,0.007,0.005,0.006,0.005,0.005,0
Steve Jobs,0.004,0.006,0.004,0.003,0.006,0.007,0.034,0.009,0.031,0.009,0.009,0.009,0.013,0.006,0.007,0.005,0
Romania,0.015,0.016,0.015,0.013,0.013,0.008,0.019,0.008,0.007,0.008,0.008,0.008,0.006,0.007,0.006,0.005,0
Cheney,0.007,0.005,0.004,0.010,0.007,0.003,0.001,0.002,0.002,0.003,0.002,0.002,0.001,0.001,0.001,0.005,0
Public transportation,0.015,0.017,0.016,0.012,0.014,0.012,0.013,0.010,0.010,0.009,0.010,0.009,0.008,0.008,0.006,0.005,0
Hungary,0.012,0.015,0.009,0.008,0.007,0.006,0.011,0.007,0.005,0.004,0.005,0.006,0.005,0.005,0.005,0.005,0
World Trade Center,0.015,0.012,0.016,0.010,0.009,0.008,0.008,0.007,0.006,0.006,0.006,0.006,0.007,0.004,0.005,0.005,0
Lockheed,0.018,0.016,0.015,0.013,0.013,0.012,0.011,0.009,0.008,0.006,0.006,0.007,0.005,0.007,0.006,0.005,0
Department of State,0.024,0.024,0.025,0.023,0.019,0.024,0.016,0.017,0.013,0.010,0.011,0.010,0.007,0.011,0.007,0.005,0
gun control,0.008,0.007,0.004,0.004,0.005,0.007,0.003,0.006,0.003,0.033,0.007,0.003,0.013,0.004,0.003,0.004,0
California Wild Fires,0.013,0.006,0.008,0.010,0.017,0.006,0.005,0.005,0.003,0.005,0.004,0.003,0.004,0.004,0.005,0.004,0
Usama bin Laden,0.010,0.009,0.015,0.009,0.008,0.005,0.007,0.003,0.012,0.017,0.005,0.006,0.008,0.004,0.003,0.004,0
Thomas Edison,0.013,0.013,0.010,0.009,0.007,0.007,0.007,0.006,0.006,0.006,0.005,0.007,0.007,0.006,0.006,0.004,0
Somalia,0.008,0.006,0.005,0.008,0.005,0.006,0.005,0.007,0.026,0.004,0.008,0.005,0.003,0.005,0.004,0.004,0
Normandy,0.005,0.004,0.003,0.003,0.002,0.002,0.004,0.001,0.002,0.002,0.002,0.002,0.001,0.002,0.002,0.004,0
Articles of Confederation,0.009,0.003,0.003,0.003,0.003,0.002,0.003,0.005,0.005,0.004,0.004,0.005,0.005,0.003,0.005,0.004,0
Voice of America,0.004,0.003,0.004,0.004,0.002,0.003,0.004,0.004,0.005,0.005,0.005,0.005,0.005,0.005,0.004,0.004,0
Wall Street,0.012,0.010,0.008,0.008,0.010,0.010,0.008,0.007,0.007,0.006,0.009,0.008,0.007,0.007,0.007,0.004,0
Pentagon,0.007,0.007,0.006,0.005,0.004,0.004,0.003,0.004,0.005,0.004,0.003,0.004,0.005,0.004,0.005,0.004,0
Same-sex marriage,0.020,0.016,0.011,0.009,0.007,0.009,0.011,0.008,0.016,0.014,0.018,0.014,0.008,0.006,0.004,0.004,0
Lobbying,0.009,0.006,0.008,0.008,0.007,0.005,0.009,0.006,0.007,0.004,0.004,0.005,0.007,0.009,0.004,0.004,0
Abortion-rights movement,0.004,0.004,0.005,0.002,0.002,0.003,0.001,0.001,0.002,0.001,0.001,0.001,0.001,0.001,0.001,0.004,0
Military service,0.006,0.003,0.003,0.002,0.003,0.003,0.004,0.003,0.002,0.003,0.003,0.004,0.003,0.003,0.002,0.004,0
Damascus,0.005,0.003,0.002,0.002,0.003,0.002,0.002,0.003,0.003,0.003,0.002,0.002,0.002,0.003,0.002,0.004,0
Capital gains tax,0.009,0.005,0.008,0.005,0.003,0.003,0.007,0.002,0.010,0.003,0.004,0.008,0.004,0.005,0.007,0.004,0
Military budget,0.000,0.000,0.000,0.000,0.001,0.002,0.001,0.002,0.001,0.002,0.001,0.001,0.002,0.006,0.002,0.004,0
Social programs in the United States,0.005,0.003,0.004,0.003,0.002,0.005,0.004,0.010,0.006,0.005,0.005,0.004,0.004,0.005,0.004,0.004,0
West Point,0.007,0.008,0.010,0.008,0.006,0.005,0.007,0.006,0.006,0.004,0.004,0.004,0.004,0.005,0.004,0.004,0
Fannie Mae,0.012,0.011,0.006,0.008,0.010,0.012,0.009,0.013,0.011,0.010,0.007,0.007,0.006,0.009,0.008,0.004,0
Arabian Peninsula,0.010,0.006,0.005,0.004,0.004,0.004,0.005,0.003,0.003,0.002,0.003,0.004,0.003,0.004,0.003,0.004,0
National Institutes of Health,0.014,0.020,0.015,0.012,0.012,0.017,0.012,0.010,0.009,0.008,0.008,0.008,0.006,0.008,0.006,0.003,0
Palestinian Territories,0.012,0.003,0.012,0.003,0.004,0.006,0.005,0.004,0.003,0.004,0.002,0.004,0.002,0.004,0.003,0.003,0
Euthanasia,0.010,0.010,0.006,0.005,0.005,0.005,0.004,0.003,0.005,0.004,0.004,0.004,0.003,0.003,0.003,0.003,0
Flags of the confederate states,0.004,0.003,0.003,0.003,0.002,0.004,0.002,0.002,0.002,0.003,0.003,0.002,0.006,0.009,0.003,0.003,0
Overtime pay,0.013,0.005,0.003,0.003,0.003,0.003,0.003,0.003,0.004,0.003,0.003,0.003,0.005,0.004,0.005,0.003,0
Gulf Coast,0.008,0.005,0.007,0.004,0.006,0.004,0.003,0.004,0.005,0.004,0.006,0.005,0.004,0.004,0.004,0.003,0
Second Amendment,0.000,0.000,0.005,0.003,0.003,0.003,0.002,0.003,0.003,0.011,0.004,0.003,0.009,0.003,0.007,0.003,0
Sudan,0.008,0.014,0.013,0.008,0.008,0.009,0.006,0.009,0.004,0.005,0.005,0.008,0.004,0.005,0.005,0.003,0
American Dream,0.005,0.007,0.003,0.004,0.003,0.005,0.004,0.004,0.004,0.003,0.004,0.004,0.003,0.004,0.004,0.003,0
ROTC,0.006,0.003,0.007,0.004,0.005,0.007,0.006,0.010,0.005,0.005,0.005,0.004,0.004,0.004,0.004,0.003,0
Blacksburg,0.005,0.004,0.005,0.007,0.007,0.006,0.005,0.007,0.006,0.006,0.004,0.004,0.005,0.007,0.005,0.003,0
FCC,0.020,0.017,0.013,0.009,0.010,0.009,0.008,0.008,0.007,0.007,0.006,0.006,0.006,0.005,0.006,0.003,0
Department of Justice,0.014,0.017,0.013,0.013,0.009,0.011,0.009,0.007,0.007,0.008,0.006,0.005,0.005,0.007,0.007,0.003,0
National Security Agency,0.005,0.008,0.016,0.007,0.006,0.006,0.004,0.009,0.005,0.004,0.015,0.006,0.005,0.004,0.004,0.003,0
Elkhart,0.008,0.004,0.005,0.006,0.005,0.005,0.006,0.005,0.006,0.005,0.006,0.006,0.007,0.009,0.006,0.003,0
Donna Shalala,0.000,0.000,0.000,0.000,0.001,0.000,0.000,0.000,0.000,0.000,0.000,0.000,0.000,0.000,0.000,0.003,0
Hydraulic fracturing,0.000,0.000,0.000,0.001,0.000,0.001,0.001,0.002,0.009,0.009,0.009,0.008,0.004,0.005,0.003,0.003,0
Ebola,0.000,0.004,0.004,0.002,0.002,0.002,0.001,0.002,0.002,0.001,0.001,0.031,0.005,0.004,0.004,0.003,0
Atlantic Ocean,0.005,0.006,0.003,0.003,0.002,0.003,0.004,0.003,0.003,0.003,0.003,0.003,0.003,0.002,0.004,0.003,0
Cape Town,0.005,0.003,0.003,0.004,0.004,0.005,0.007,0.003,0.003,0.003,0.003,0.004,0.003,0.005,0.009,0.003,0
John Boehner,0.000,0.000,0.002,0.001,0.000,0.002,0.008,0.000,0.031,0.000,0.000,0.000,0.008,0.002,0.001,0.003,0
Bulgaria,0.009,0.008,0.007,0.007,0.007,0.005,0.005,0.004,0.005,0.004,0.004,0.004,0.004,0.004,0.004,0.003,0
Zimbabwe,0.009,0.011,0.009,0.006,0.005,0.006,0.006,0.003,0.004,0.004,0.005,0.006,0.004,0.004,0.003,0.003,0
Women's health,0.000,0.005,0.004,0.002,0.003,0.002,0.001,0.002,0.003,0.002,0.003,0.002,0.007,0.007,0.006,0.003,0
Sick leave,0.000,0.000,0.000,0.002,0.002,0.002,0.002,0.003,0.002,0.003,0.003,0.006,0.004,0.004,0.006,0.003,0
Cairo,0.005,0.007,0.006,0.003,0.005,0.006,0.004,0.008,0.004,0.002,0.002,0.003,0.002,0.002,0.003,0.003,0
Siemens,0.000,0.020,0.014,0.016,0.015,0.010,0.013,0.010,0.014,0.010,0.008,0.008,0.006,0.007,0.006,0.003,0
Mali,0.009,0.008,0.004,0.005,0.003,0.004,0.005,0.002,0.003,0.007,0.003,0.004,0.003,0.004,0.003,0.003,0
Pflugerville,0.000,0.003,0.003,0.003,0.003,0.003,0.002,0.003,0.003,0.004,0.004,0.003,0.003,0.003,0.004,0.003,0
West Africa,0.009,0.006,0.005,0.004,0.003,0.002,0.003,0.002,0.002,0.002,0.002,0.003,0.003,0.003,0.003,0.003,0
Automotive Industry,0.013,0.004,0.008,0.006,0.006,0.008,0.005,0.004,0.007,0.004,0.004,0.004,0.003,0.004,0.004,0.003,0
Tax Reform,0.004,0.003,0.002,0.000,0.001,0.000,0.000,0.000,0.000,0.001,0.000,0.001,0.000,0.001,0.013,0.003,0
Golden Gate Bridge,0.004,0.005,0.003,0.004,0.004,0.002,0.004,0.003,0.004,0.003,0.003,0.004,0.003,0.003,0.003,0.003,0
Libya,0.009,0.004,0.006,0.003,0.003,0.006,0.016,0.003,0.009,0.004,0.004,0.003,0.003,0.003,0.004,0.002,0
Hoover Dam,0.005,0.000,0.004,0.003,0.003,0.002,0.004,0.004,0.004,0.002,0.003,0.003,0.003,0.003,0.003,0.002,0
Interstate Highway System,0.005,0.004,0.003,0.004,0.004,0.003,0.003,0.003,0.002,0.002,0.009,0.003,0.003,0.003,0.003,0.002,0
Affirmative action,0.010,0.008,0.008,0.005,0.004,0.004,0.004,0.003,0.003,0.003,0.002,0.002,0.002,0.003,0.003,0.002,0
Immigration to the United States,0.005,0.005,0.007,0.002,0.004,0.003,0.002,0.002,0.002,0.002,0.002,0.002,0.002,0.003,0.003,0.002,0
Applause,0.000,0.000,0.000,0.002,0.001,0.001,0.002,0.001,0.001,0.001,0.001,0.001,0.001,0.001,0.001,0.002,0
Keystone,0.007,0.003,0.005,0.004,0.004,0.003,0.003,0.002,0.003,0.003,0.002,0.002,0.003,0.002,0.002,0.002,0
Iraq War,0.023,0.024,0.025,0.026,0.018,0.010,0.007,0.005,0.006,0.004,0.003,0.003,0.002,0.002,0.002,0.002,0
Federal Convention,0.004,0.003,0.004,0.002,0.002,0.002,0.002,0.002,0.003,0.002,0.002,0.003,0.003,0.002,0.003,0.002,0
Veterans Day,0.000,0.000,0.000,0.000,0.001,0.001,0.001,0.005,0.004,0.002,0.002,0.003,0.002,0.001,0.002,0.002,0
Vaccine controversies,0.000,0.000,0.000,0.000,0.000,0.000,0.000,0.000,0.000,0.000,0.001,0.001,0.001,0.000,0.001,0.002,0
Galesburg,0.000,0.000,0.003,0.002,0.001,0.002,0.003,0.002,0.003,0.002,0.002,0.002,0.003,0.002,0.002,0.002,0
Southeast Asia,0.005,0.006,0.004,0.003,0.002,0.002,0.002,0.001,0.002,0.002,0.002,0.004,0.003,0.003,0.002,0.002,0
coal mining (industry),0.000,0.005,0.007,0.003,0.002,0.002,0.002,0.003,0.004,0.002,0.002,0.002,0.002,0.004,0.003,0.002,0
Army Ranger,0.000,0.003,0.003,0.002,0.002,0.002,0.003,0.003,0.002,0.002,0.006,0.003,0.002,0.002,0.002,0.002,0
Elyria,0.005,0.004,0.002,0.003,0.003,0.002,0.002,0.003,0.003,0.004,0.004,0.005,0.004,0.004,0.003,0.002,0
National security,0.007,0.003,0.003,0.003,0.003,0.002,0.004,0.002,0.001,0.001,0.001,0.002,0.002,0.003,0.002,0.002,0
Neil Gorsuch,0.000,0.000,0.000,0.000,0.000,0.000,0.000,0.000,0.000,0.000,0.000,0.000,0.000,0.007,0.003,0.002,0
John Roberts,0.000,0.000,0.006,0.002,0.002,0.001,0.002,0.003,0.001,0.001,0.001,0.001,0.001,0.001,0.001,0.002,0
North Africa,0.000,0.004,0.003,0.002,0.003,0.003,0.002,0.002,0.002,0.002,0.002,0.003,0.002,0.003,0.003,0.002,0
First Lady,0.005,0.004,0.002,0.002,0.002,0.003,0.001,0.002,0.003,0.004,0.003,0.003,0.008,0.006,0.008,0.002,0
First Lady,0.000,0.000,0.000,0.000,0.001,0.001,0.001,0.001,0.001,0.001,0.000,0.001,0.001,0.001,0.001,0.002,0
gun violence,0.000,0.000,0.000,0.000,0.000,0.001,0.000,0.001,0.000,0.005,0.001,0.001,0.003,0.002,0.001,0.002,0
trade deficit,0.000,0.003,0.000,0.001,0.001,0.001,0.001,0.001,0.001,0.001,0.001,0.001,0.001,0.002,0.001,0.002,0
Belarus,0.000,0.003,0.002,0.004,0.002,0.002,0.003,0.002,0.002,0.002,0.002,0.003,0.002,0.002,0.002,0.002,0
Shi'a,0.004,0.007,0.004,0.007,0.003,0.002,0.003,0.004,0.002,0.003,0.001,0.005,0.004,0.002,0.002,0.002,0
F-35,0.000,0.000,0.000,0.001,0.002,0.002,0.002,0.002,0.003,0.002,0.002,0.003,0.002,0.005,0.002,0.002,0
Government spending,0.005,0.000,0.002,0.002,0.003,0.006,0.005,0.008,0.003,0.003,0.002,0.001,0.003,0.003,0.002,0.002,0
Tunisia,0.007,0.004,0.005,0.002,0.003,0.003,0.005,0.024,0.003,0.003,0.003,0.004,0.003,0.003,0.003,0.002,0
COBRA,0.007,0.009,0.007,0.006,0.008,0.019,0.011,0.006,0.005,0.003,0.003,0.003,0.003,0.004,0.003,0.002,0
Edward Snowden,0.000,0.000,0.000,0.000,0.000,0.000,0.000,0.000,0.000,0.000,0.011,0.003,0.002,0.004,0.001,0.002,0
War in Afghanistan,0.000,0.000,0.000,0.000,0.000,0.002,0.002,0.002,0.002,0.002,0.001,0.001,0.001,0.001,0.001,0.002,0
Gerrymandering,0.000,0.000,0.000,0.000,0.001,0.001,0.001,0.001,0.001,0.001,0.001,0.001,0.004,0.004,0.003,0.002,0
Bahrain,0.007,0.003,0.006,0.004,0.004,0.003,0.006,0.004,0.003,0.003,0.003,0.004,0.005,0.002,0.002,0.002,0
Justin Trudeau,0.000,0.000,0.002,0.000,0.000,0.001,0.001,0.001,0.001,0.000,0.001,0.001,0.002,0.000,0.002,0.002,0
Sam Alito,0.000,0.000,0.047,0.000,0.001,0.001,0.041,0.002,0.001,0.001,0.001,0.001,0.000,0.001,0.001,0.002,0
New London,0.000,0.005,0.005,0.005,0.004,0.005,0.004,0.004,0.004,0.003,0.003,0.004,0.004,0.003,0.003,0.002,0
Oak Creek,0.000,0.000,0.003,0.001,0.001,0.002,0.003,0.002,0.003,0.003,0.002,0.002,0.003,0.003,0.002,0.002,0
Great Plains,0.005,0.007,0.003,0.003,0.003,0.001,0.002,0.003,0.002,0.002,0.002,0.002,0.003,0.002,0.002,0.002,0
Saddam Hussein,0.019,0.011,0.010,0.020,0.007,0.004,0.004,0.004,0.003,0.002,0.002,0.003,0.002,0.002,0.002,0.002,0
Selma,0.000,0.000,0.000,0.002,0.002,0.002,0.001,0.002,0.002,0.001,0.002,0.006,0.002,0.003,0.003,0.002,0
California Institute of Technology,0.009,0.006,0.005,0.005,0.003,0.006,0.006,0.005,0.003,0.003,0.002,0.003,0.004,0.003,0.002,0.002,0
South Asia,0.004,0.004,0.004,0.002,0.003,0.002,0.002,0.002,0.002,0.002,0.002,0.003,0.002,0.003,0.002,0.002,0
P.S.,0.000,0.004,0.002,0.003,0.002,0.002,0.001,0.003,0.002,0.002,0.002,0.002,0.002,0.002,0.002,0.002,0
Welfare,0.000,0.000,0.002,0.003,0.002,0.003,0.004,0.002,0.002,0.002,0.001,0.002,0.002,0.002,0.002,0.002,0
Palestinian,0.004,0.004,0.004,0.004,0.004,0.002,0.001,0.002,0.002,0.001,0.001,0.001,0.001,0.001,0.001,0.002,0
Court of Appeals,0.000,0.008,0.005,0.005,0.005,0.002,0.004,0.004,0.004,0.003,0.003,0.004,0.003,0.003,0.003,0.002,0
Space exploration,0.007,0.004,0.003,0.003,0.002,0.002,0.001,0.002,0.001,0.002,0.001,0.001,0.002,0.002,0.001,0.002,0
Sunni,0.000,0.007,0.003,0.007,0.001,0.002,0.001,0.003,0.002,0.002,0.001,0.003,0.003,0.002,0.001,0.002,0
Corporate tax,0.005,0.005,0.006,0.004,0.003,0.003,0.004,0.004,0.004,0.003,0.003,0.003,0.003,0.004,0.005,0.002,0
Doha,0.000,0.000,0.002,0.002,0.001,0.002,0.003,0.002,0.002,0.002,0.001,0.002,0.002,0.002,0.001,0.002,0
Tehran,0.004,0.000,0.003,0.001,0.002,0.002,0.002,0.003,0.003,0.004,0.005,0.006,0.004,0.001,0.002,0.002,0
Bob Dole,0.000,0.003,0.003,0.002,0.005,0.000,0.001,0.001,0.001,0.001,0.000,0.001,0.000,0.000,0.001,0.002,0
Whistleblower,0.000,0.004,0.003,0.002,0.001,0.003,0.001,0.001,0.002,0.002,0.002,0.002,0.002,0.002,0.002,0.002,0
Department of Energy,0.007,0.013,0.009,0.003,0.005,0.007,0.005,0.005,0.003,0.003,0.002,0.003,0.002,0.002,0.001,0.002,0
Commerce Department,0.007,0.006,0.002,0.006,0.003,0.006,0.003,0.003,0.002,0.002,0.002,0.002,0.001,0.003,0.002,0.002,0
John Walsh,0.000,0.000,0.000,0.000,0.000,0.000,0.000,0.000,0.000,0.000,0.000,0.001,0.000,0.000,0.000,0.002,0
North Miami,0.000,0.003,0.002,0.003,0.002,0.001,0.002,0.002,0.002,0.002,0.003,0.002,0.003,0.002,0.002,0.002,0
Body worn video,0.000,0.000,0.000,0.000,0.000,0.000,0.000,0.000,0.000,0.000,0.000,0.001,0.001,0.001,0.001,0.002,0
Jakarta,0.007,0.008,0.004,0.002,0.004,0.002,0.003,0.002,0.001,0.002,0.002,0.005,0.003,0.002,0.002,0.002,0
Dream act,0.000,0.000,0.000,0.000,0.001,0.001,0.001,0.005,0.004,0.003,0.002,0.002,0.002,0.004,0.017,0.002,0
Freddie Mac,0.007,0.006,0.003,0.003,0.006,0.008,0.004,0.005,0.007,0.004,0.003,0.003,0.002,0.002,0.002,0.001,0
Star of David,0.000,0.004,0.002,0.002,0.002,0.002,0.002,0.003,0.002,0.001,0.005,0.002,0.002,0.002,0.002,0.001,0
Sikh,0.004,0.003,0.000,0.002,0.003,0.002,0.001,0.001,0.004,0.002,0.002,0.001,0.003,0.002,0.001,0.001,0
Central Piedmont Community College,0.000,0.004,0.002,0.003,0.002,0.002,0.002,0.003,0.004,0.002,0.004,0.003,0.003,0.002,0.002,0.001,0
Master Lock,0.004,0.003,0.003,0.002,0.001,0.002,0.002,0.002,0.008,0.002,0.002,0.002,0.002,0.002,0.002,0.001,0
Guinea,0.000,0.003,0.002,0.002,0.003,0.002,0.002,0.002,0.002,0.001,0.001,0.004,0.002,0.002,0.002,0.001,0
Edward Kennedy,0.020,0.006,0.007,0.004,0.000,0.004,0.003,0.001,0.001,0.001,0.001,0.001,0.001,0.001,0.008,0.001,0
Kurds,0.004,0.004,0.002,0.002,0.001,0.002,0.002,0.002,0.001,0.001,0.001,0.002,0.002,0.002,0.002,0.001,0
Al Qaida,0.007,0.004,0.007,0.004,0.005,0.003,0.004,0.002,0.002,0.003,0.002,0.003,0.002,0.001,0.001,0.001,0
Free trade,0.004,0.004,0.002,0.002,0.002,0.002,0.002,0.003,0.001,0.002,0.001,0.001,0.001,0.002,0.001,0.001,0
Marine,0.000,0.000,0.002,0.001,0.002,0.002,0.002,0.001,0.002,0.000,0.001,0.001,0.001,0.001,0.001,0.001,0
Eminent domain,0.000,0.004,0.005,0.001,0.001,0.001,0.001,0.001,0.001,0.001,0.001,0.002,0.001,0.001,0.001,0.001,0
Baby Einstein Company,0.000,0.003,0.003,0.021,0.002,0.003,0.002,0.002,0.002,0.002,0.003,0.003,0.003,0.002,0.002,0.001,0
Secretary of Health and Human Services,0.000,0.000,0.000,0.000,0.000,0.001,0.001,0.000,0.000,0.000,0.000,0.000,0.000,0.000,0.001,0.001,0
Baghdad,0.009,0.006,0.004,0.007,0.003,0.002,0.003,0.003,0.002,0.002,0.001,0.001,0.002,0.002,0.001,0.001,0
Gitmo,0.004,0.005,0.003,0.003,0.003,0.010,0.003,0.002,0.002,0.002,0.006,0.020,0.008,0.001,0.000,0.001,0
Equal pay for equal work,0.000,0.000,0.002,0.000,0.001,0.002,0.001,0.001,0.001,0.002,0.003,0.002,0.001,0.001,0.001,0.001,0
Humvee,0.000,0.000,0.002,0.002,0.001,0.001,0.002,0.001,0.001,0.001,0.001,0.001,0.001,0.002,0.002,0.001,0
Alexander Graham Bell,0.008,0.004,0.005,0.002,0.003,0.002,0.002,0.002,0.002,0.002,0.002,0.002,0.001,0.002,0.002,0.001,0
Freedom of religion,0.000,0.000,0.002,0.001,0.001,0.001,0.001,0.001,0.001,0.001,0.002,0.001,0.001,0.001,0.002,0.001,0
Yorktown,0.000,0.006,0.002,0.002,0.002,0.001,0.001,0.002,0.002,0.002,0.001,0.002,0.002,0.002,0.002,0.001,0
Campaign finance,0.005,0.003,0.004,0.002,0.003,0.002,0.009,0.002,0.002,0.001,0.002,0.001,0.002,0.001,0.002,0.001,0
Sputnik,0.000,0.000,0.000,0.002,0.001,0.001,0.001,0.011,0.001,0.001,0.001,0.001,0.001,0.001,0.001,0.001,0
Qadhafi,0.000,0.000,0.002,0.000,0.001,0.001,0.001,0.001,0.006,0.002,0.001,0.001,0.001,0.001,0.001,0.001,0
Newtown,0.000,0.004,0.002,0.003,0.003,0.002,0.002,0.003,0.002,0.003,0.003,0.002,0.003,0.002,0.002,0.001,0
PATRIOT Act,0.056,0.008,0.029,0.005,0.007,0.002,0.002,0.003,0.002,0.002,0.002,0.002,0.001,0.001,0.001,0.001,0
Syrian civil war,0.000,0.000,0.000,0.000,0.000,0.000,0.000,0.000,0.001,0.001,0.002,0.001,0.002,0.002,0.001,0.001,0
Antonin Scalia,0.000,0.000,0.000,0.002,0.000,0.002,0.001,0.002,0.001,0.002,0.001,0.001,0.002,0.007,0.001,0.001,0
Steve Scalise,0.000,0.000,0.000,0.000,0.000,0.000,0.000,0.000,0.000,0.000,0.000,0.000,0.000,0.001,0.015,0.001,0
Federal Tax Code,0.006,0.005,0.005,0.003,0.002,0.003,0.004,0.002,0.002,0.002,0.002,0.002,0.002,0.002,0.002,0.001,0
Electoral fraud,0.000,0.000,0.000,0.000,0.001,0.000,0.000,0.000,0.001,0.001,0.001,0.001,0.000,0.000,0.000,0.001,0
Elementary and Secondary Education Act,0.000,0.004,0.002,0.002,0.002,0.002,0.002,0.002,0.001,0.001,0.001,0.002,0.002,0.002,0.002,0.001,0
Net neutrality,0.000,0.000,0.000,0.001,0.001,0.001,0.001,0.002,0.000,0.000,0.003,0.004,0.000,0.002,0.008,0.001,0
Coretta Scott King,0.004,0.003,0.110,0.005,0.003,0.002,0.001,0.001,0.001,0.003,0.001,0.004,0.001,0.001,0.001,0.001,0
Gary Allen,0.000,0.000,0.004,0.002,0.003,0.002,0.003,0.003,0.001,0.004,0.002,0.001,0.001,0.001,0.001,0.001,0
Gender identity,0.000,0.000,0.000,0.000,0.001,0.000,0.001,0.001,0.001,0.001,0.001,0.001,0.000,0.001,0.001,0.001,0
Voting Rights Act,0.004,0.000,0.000,0.001,0.002,0.001,0.001,0.001,0.001,0.001,0.002,0.001,0.001,0.001,0.001,0.001,0
Immigration Policy,0.000,0.000,0.000,0.000,0.000,0.000,0.000,0.001,0.001,0.001,0.001,0.000,0.000,0.001,0.001,0.001,0
World Trade Organization,0.005,0.006,0.004,0.003,0.003,0.003,0.002,0.003,0.001,0.002,0.001,0.001,0.001,0.001,0.001,0.001,0
Political corruption,0.000,0.000,0.000,0.000,0.001,0.001,0.001,0.002,0.001,0.001,0.001,0.000,0.001,0.001,0.001,0.001,0
Riyadh,0.000,0.003,0.000,0.002,0.001,0.001,0.006,0.002,0.002,0.001,0.002,0.001,0.001,0.001,0.001,0.001,0
Sanctuary cities,0.000,0.000,0.000,0.000,0.000,0.000,0.000,0.000,0.000,0.000,0.000,0.000,0.000,0.002,0.001,0.001,0
Gabby Giffords,0.000,0.000,0.000,0.000,0.000,0.000,0.000,0.000,0.000,0.006,0.001,0.005,0.003,0.001,0.001,0.001,0
Student loans in the United States,0.000,0.000,0.000,0.001,0.002,0.002,0.002,0.001,0.002,0.001,0.001,0.001,0.001,0.001,0.001,0.001,0
Paris Agreement,0.000,0.000,0.000,0.000,0.000,0.000,0.000,0.000,0.000,0.000,0.000,0.000,0.000,0.000,0.001,0.001,0
Voter turnout,0.000,0.004,0.000,0.001,0.002,0.001,0.000,0.001,0.001,0.000,0.001,0.001,0.000,0.001,0.001,0.001,0
Security Council,0.000,0.000,0.003,0.001,0.002,0.001,0.001,0.001,0.001,0.001,0.001,0.001,0.001,0.001,0.001,0.001,0
Executive Order 13769,0.000,0.000,0.000,0.000,0.000,0.000,0.000,0.000,0.000,0.000,0.000,0.000,0.000,0.008,0.002,0.001,0
Term limits in the United States,0.000,0.000,0.000,0.000,0.000,0.000,0.000,0.000,0.001,0.000,0.000,0.000,0.000,0.000,0.000,0.001,0
Offshore drilling,0.000,0.000,0.000,0.000,0.000,0.001,0.002,0.001,0.001,0.000,0.001,0.000,0.000,0.000,0.000,0.001,0
Joint Comprehensive Plan of Action (Iran Deal),0.000,0.000,0.000,0.000,0.000,0.000,0.000,0.000,0.000,0.000,0.000,0.000,0.001,0.000,0.000,0.001,0
Sandra Day O'Connor,0.000,0.000,0.002,0.000,0.000,0.000,0.001,0.000,0.000,0.000,0.000,0.000,0.000,0.001,0.000,0.001,0
No Child Left Behind Act,0.024,0.011,0.007,0.011,0.012,0.005,0.005,0.007,0.003,0.002,0.001,0.001,0.001,0.001,0.001,0.001,0
No Child Left Behind Act,0.024,0.011,0.007,0.011,0.012,0.005,0.005,0.007,0.003,0.002,0.001,0.001,0.001,0.001,0.001,0.001,0
Trans-Pacific Partnership,0.000,0.003,0.000,0.001,0.000,0.002,0.001,0.001,0.000,0.001,0.004,0.002,0.009,0.003,0.002,0.001,0
Orrin Hatch,0.000,0.003,0.000,0.000,0.000,0.003,0.001,0.001,0.000,0.001,0.000,0.001,0.001,0.000,0.001,0.001,0
Asia-Pacific,0.000,0.003,0.000,0.001,0.001,0.001,0.001,0.001,0.001,0.001,0.001,0.001,0.001,0.001,0.001,0.001,0
Steve Beshear,0.000,0.000,0.000,0.000,0.000,0.000,0.000,0.000,0.000,0.000,0.001,0.000,0.000,0.000,0.000,0.001,0
Silver Star,0.000,0.000,0.000,0.002,0.000,0.001,0.000,0.000,0.000,0.000,0.000,0.001,0.000,0.000,0.000,0.001,0
Bronze Star,0.000,0.000,0.000,0.000,0.000,0.000,0.001,0.000,0.001,0.001,0.000,0.001,0.000,0.000,0.002,0.001,0
G-20,0.000,0.000,0.000,0.000,0.000,0.002,0.001,0.001,0.001,0.001,0.001,0.001,0.001,0.001,0.000,0.001,0
Laura Bush,0.009,0.008,0.005,0.005,0.003,0.001,0.001,0.003,0.001,0.000,0.001,0.001,0.001,0.001,0.002,0.001,0
Softbank,0.000,0.000,0.000,0.000,0.000,0.001,0.000,0.000,0.000,0.001,0.001,0.000,0.000,0.001,0.001,0.001,0
Congressional Budget Office,0.000,0.004,0.004,0.001,0.001,0.003,0.003,0.003,0.001,0.002,0.001,0.001,0.000,0.001,0.001,0.001,0
Omaha Beach,0.000,0.000,0.000,0.000,0.000,0.000,0.001,0.000,0.000,0.000,0.000,0.000,0.000,0.000,0.000,0.001,0
Tripoli,0.000,0.000,0.000,0.000,0.002,0.001,0.001,0.001,0.002,0.001,0.001,0.001,0.000,0.001,0.001,0.001,0
Interior Department,0.004,0.000,0.002,0.002,0.002,0.002,0.001,0.002,0.001,0.001,0.001,0.001,0.001,0.001,0.001,0.001,0
Dillon,0.000,0.000,0.000,0.000,0.000,0.003,0.001,0.001,0.001,0.000,0.001,0.001,0.001,0.001,0.001,0.001,0
West Bank,0.000,0.000,0.002,0.002,0.001,0.001,0.001,0.001,0.001,0.001,0.001,0.000,0.000,0.001,0.001,0.001,0
Voting age,0.000,0.000,0.000,0.000,0.001,0.000,0.001,0.001,0.001,0.000,0.000,0.000,0.000,0.001,0.000,0.001,0
Superstorm Sandy,0.000,0.000,0.000,0.000,0.000,0.000,0.000,0.000,0.000,0.011,0.003,0.002,0.001,0.001,0.001,0.001,0
Hamas,0.000,0.003,0.012,0.001,0.003,0.002,0.001,0.001,0.001,0.000,0.001,0.001,0.001,0.001,0.002,0.001,0
Private Prisons,0.000,0.000,0.000,0.000,0.000,0.000,0.001,0.000,0.000,0.000,0.001,0.000,0.000,0.001,0.001,0.001,0
Basic income,0.000,0.000,0.000,0.000,0.000,0.000,0.000,0.000,0.000,0.000,0.000,0.000,0.000,0.000,0.000,0.000,0
Dikembe Mutombo,0.000,0.000,0.002,0.016,0.000,0.001,0.000,0.001,0.001,0.008,0.001,0.001,0.001,0.001,0.001,0.000,0
Violence Against Women's Act,0.000,0.000,0.000,0.000,0.000,0.001,0.001,0.001,0.000,0.024,0.001,0.000,0.000,0.001,0.001,0.000,0
American Recovery and Reinvestment Act,0.000,0.000,0.000,0.000,0.000,0.168,0.013,0.005,0.002,0.001,0.001,0.001,0.001,0.001,0.001,0.000,0
Hizballah,0.005,0.000,0.000,0.002,0.001,0.001,0.001,0.002,0.001,0.000,0.000,0.001,0.001,0.000,0.001,0.000,0
Alternative energy,0.000,0.004,0.010,0.003,0.004,0.004,0.003,0.002,0.002,0.001,0.001,0.001,0.001,0.001,0.001,0.000,0
Persian Gulf,0.000,0.000,0.000,0.002,0.001,0.001,0.001,0.000,0.001,0.001,0.001,0.001,0.003,0.001,0.001,0.000,0
Diversity Immigrant Visa,0.005,0.000,0.000,0.001,0.001,0.001,0.001,0.001,0.001,0.000,0.001,0.001,0.001,0.001,0.004,0.000,0
Safe spaces,0.000,0.000,0.000,0.000,0.000,0.000,0.000,0.000,0.000,0.000,0.000,0.000,0.000,0.001,0.001,0.000,0
Director of National Intelligence,0.000,0.000,0.000,0.000,0.001,0.001,0.001,0.000,0.000,0.001,0.001,0.000,0.001,0.001,0.000,0.000,0
Scott Kelly,0.000,0.000,0.000,0.000,0.000,0.001,0.000,0.001,0.000,0.000,0.000,0.014,0.000,0.000,0.000,0.000,0
Flag desecration,0.004,0.003,0.000,0.000,0.000,0.001,0.000,0.001,0.000,0.000,0.000,0.000,0.000,0.000,0.000,0.000,0
Virgin Islands,0.000,0.000,0.000,0.001,0.000,0.001,0.000,0.001,0.001,0.000,0.000,0.000,0.000,0.000,0.000,0.000,0
Solitary confinement,0.000,0.000,0.000,0.000,0.000,0.000,0.000,0.000,0.000,0.001,0.000,0.000,0.000,0.001,0.001,0.000,0
Bloody Sunday,0.000,0.004,0.000,0.003,0.001,0.001,0.003,0.000,0.000,0.000,0.000,0.002,0.001,0.001,0.001,0.000,0
"Thomas D'Alesandro, Jr.",0.000,0.000,0.000,0.000,0.000,0.000,0.000,0.000,0.000,0.000,0.000,0.000,0.000,0.000,0.000,0.000,0
Independence,0.000,0.000,0.000,0.000,0.001,0.000,0.000,0.001,0.000,0.001,0.001,0.001,0.001,0.001,0.001,0.000,0
Andrews Air Force Base,0.000,0.000,0.000,0.001,0.001,0.000,0.001,0.001,0.001,0.001,0.001,0.001,0.001,0.001,0.001,0.000,0
Chelsea Manning,0.000,0.000,0.000,0.000,0.001,0.000,0.001,0.002,0.001,0.001,0.002,0.001,0.000,0.001,0.002,0.000,0
Petraeus,0.000,0.000,0.000,0.005,0.001,0.001,0.001,0.001,0.001,0.001,0.001,0.001,0.000,0.000,0.000,0.000,0
Right to work,0.000,0.000,0.000,0.000,0.000,0.001,0.000,0.001,0.004,0.001,0.001,0.001,0.001,0.001,0.001,0.000,0
Islamist,0.000,0.000,0.000,0.000,0.000,0.000,0.001,0.000,0.000,0.000,0.000,0.002,0.001,0.001,0.000,0.000,0
Forsyth Tech,0.000,0.000,0.004,0.001,0.002,0.001,0.001,0.002,0.001,0.001,0.001,0.001,0.001,0.001,0.001,0.000,0
Israel boycott,0.000,0.000,0.000,0.000,0.000,0.000,0.000,0.000,0.000,0.000,0.000,0.000,0.000,0.000,0.000,0.000,0
Information Age,0.000,0.000,0.000,0.000,0.000,0.000,0.001,0.001,0.001,0.001,0.001,0.001,0.000,0.000,0.001,0.000,0
National Assembly,0.000,0.000,0.000,0.000,0.000,0.000,0.000,0.000,0.001,0.000,0.000,0.000,0.000,0.000,0.001,0.000,0
Defense of Marriage Act,0.006,0.000,0.002,0.000,0.001,0.000,0.000,0.001,0.001,0.002,0.001,0.001,0.001,0.000,0.000,0.000,0
Prescription costs,0.000,0.000,0.000,0.000,0.000,0.000,0.000,0.000,0.000,0.001,0.000,0.000,0.000,0.000,0.000,0.000,0
Drug policy,0.000,0.000,0.002,0.000,0.000,0.000,0.001,0.001,0.001,0.000,0.000,0.000,0.000,0.000,0.000,0.000,0
Rangoon,0.000,0.000,0.000,0.000,0.000,0.000,0.000,0.001,0.000,0.001,0.000,0.000,0.001,0.000,0.000,0.000,0
Foreign Service,0.009,0.003,0.002,0.002,0.001,0.001,0.001,0.001,0.001,0.001,0.001,0.000,0.001,0.001,0.000,0.000,0
Matt Bevin,0.000,0.000,0.000,0.000,0.000,0.000,0.000,0.000,0.000,0.000,0.000,0.000,0.000,0.001,0.000,0.000,0
2003 Invasion of Iraq,0.000,0.000,0.000,0.001,0.001,0.001,0.000,0.001,0.001,0.001,0.000,0.001,0.000,0.000,0.000,0.000,0
Mombasa,0.000,0.000,0.002,0.000,0.000,0.001,0.000,0.001,0.000,0.000,0.000,0.001,0.000,0.000,0.000,0.000,0
John Thompson,0.000,0.003,0.002,0.001,0.000,0.000,0.001,0.000,0.000,0.000,0.000,0.000,0.000,0.001,0.000,0.000,0
Joe Lieberman,0.014,0.004,0.002,0.001,0.002,0.003,0.002,0.001,0.002,0.001,0.000,0.000,0.000,0.000,0.000,0.000,0
United Nations General Assembly,0.000,0.000,0.000,0.000,0.000,0.000,0.001,0.001,0.000,0.000,0.000,0.000,0.001,0.000,0.000,0.000,0
Fallujah,0.000,0.000,0.000,0.003,0.001,0.000,0.000,0.000,0.001,0.001,0.001,0.001,0.000,0.000,0.000,0.000,0
Dakota Access,0.000,0.000,0.000,0.000,0.000,0.000,0.000,0.000,0.000,0.000,0.000,0.000,0.000,0.007,0.001,0.000,0
LGBT rights,0.000,0.000,0.000,0.000,0.001,0.000,0.001,0.000,0.000,0.000,0.000,0.000,0.000,0.001,0.000,0.000,0
Korean Peninsula,0.000,0.000,0.000,0.000,0.000,0.000,0.000,0.000,0.000,0.000,0.000,0.000,0.000,0.000,0.000,0.000,0
Jill Biden,0.000,0.000,0.000,0.000,0.000,0.001,0.002,0.001,0.002,0.007,0.007,0.004,0.003,0.000,0.000,0.000,0
Agricultural subsidies,0.000,0.000,0.000,0.000,0.000,0.000,0.001,0.001,0.000,0.000,0.001,0.001,0.000,0.000,0.000,0.000,0
Labor Unions in the United States,0.000,0.000,0.000,0.000,0.000,0.000,0.000,0.000,0.000,0.000,0.000,0.000,0.000,0.000,0.000,0.000,0
Ramallah,0.000,0.000,0.000,0.000,0.000,0.000,0.001,0.000,0.000,0.001,0.000,0.001,0.000,0.000,0.000,0.000,0
National Center for Missing and Exploited Children,0.000,0.000,0.004,0.002,0.001,0.000,0.001,0.000,0.000,0.000,0.000,0.000,0.000,0.000,0.000,0.000,0
Aung San Suu Kyi,0.000,0.003,0.000,0.000,0.001,0.000,0.000,0.000,0.000,0.000,0.000,0.000,0.000,0.000,0.000,0.000,0
Albuquerque Police Department,0.000,0.000,0.000,0.000,0.000,0.000,0.000,0.000,0.000,0.000,0.000,0.000,0.000,0.000,0.001,0.000,0
Rare Disease Day,0.000,0.000,0.000,0.000,0.000,0.000,0.000,0.000,0.000,0.000,0.000,0.000,0.000,0.004,0.000,0.000,0
START Treaty,0.000,0.000,0.000,0.000,0.000,0.000,0.000,0.001,0.000,0.000,0.000,0.000,0.000,0.000,0.000,0.000,0
Offshore bank,0.000,0.000,0.000,0.000,0.000,0.000,0.001,0.001,0.001,0.000,0.001,0.000,0.000,0.000,0.000,0.000,0
Chain Migration,0.000,0.000,0.000,0.000,0.000,0.000,0.000,0.000,0.000,0.000,0.000,0.000,0.000,0.000,0.017,0.000,0
Economic stimulus,0.000,0.000,0.000,0.000,0.018,0.000,0.005,0.002,0.001,0.000,0.000,0.000,0.000,0.001,0.000,0.000,0
National Academy of Sciences,0.000,0.003,0.000,0.000,0.000,0.001,0.001,0.001,0.001,0.000,0.000,0.000,0.000,0.001,0.000,0.000,0
Campus sexual assault,0.000,0.000,0.000,0.000,0.000,0.000,0.000,0.000,0.000,0.000,0.000,0.001,0.000,0.000,0.000,0.000,0
Daniel Patrick Moynihan,0.000,0.000,0.000,0.000,0.000,0.000,0.000,0.000,0.000,0.000,0.000,0.000,0.000,0.000,0.000,0.000,0
PRISM,0.000,0.000,0.000,0.000,0.000,0.000,0.000,0.000,0.000,0.000,0.000,0.000,0.000,0.000,0.000,0.000,0
William ``Ryan'' Owens,0.000,0.000,0.000,0.000,0.000,0.000,0.000,0.000,0.000,0.000,0.000,0.000,0.000,0.000,0.000,0.000,0
Oak Ridge National Laboratory,0.000,0.000,0.000,0.000,0.001,0.001,0.001,0.001,0.000,0.001,0.000,0.001,0.000,0.000,0.000,0.000,0
Paycheck Fairness Act,0.000,0.000,0.000,0.000,0.000,0.000,0.000,0.000,0.000,0.007,0.000,0.000,0.000,0.000,0.000,0.000,0
Khalid Sheik Mohammed,0.000,0.000,0.000,0.000,0.000,0.000,0.001,0.000,0.000,0.000,0.000,0.000,0.000,0.000,0.000,0.000,0
Zarqawi,0.000,0.003,0.000,0.000,0.000,0.000,0.000,0.000,0.000,0.000,0.000,0.000,0.000,0.000,0.000,0.000,0
Dakota Access pipeline,0.000,0.000,0.000,0.000,0.000,0.000,0.000,0.000,0.000,0.000,0.000,0.000,0.000,0.002,0.000,0.000,0
Women in combat,0.000,0.000,0.000,0.000,0.000,0.000,0.000,0.000,0.000,0.001,0.000,0.000,0.000,0.000,0.000,0.000,0
No fly list,0.000,0.000,0.000,0.000,0.000,0.000,0.001,0.000,0.000,0.000,0.000,0.000,0.000,0.000,0.000,0.000,0
Drug testing welfare recipients,0.000,0.000,0.000,0.000,0.000,0.000,0.000,0.006,0.001,0.000,0.001,0.000,0.000,0.000,0.000,0.000,0
Raqqa,0.000,0.000,0.000,0.000,0.000,0.000,0.000,0.000,0.000,0.000,0.000,0.000,0.000,0.000,0.000,0.000,0
Greensburg,0.000,0.000,0.000,0.000,0.001,0.001,0.001,0.000,0.000,0.000,0.000,0.000,0.000,0.000,0.000,0.000,0
Prison overcrowding,0.000,0.000,0.000,0.000,0.001,0.000,0.000,0.000,0.000,0.000,0.000,0.000,0.000,0.000,0.000,0.000,0
Higher Education Act of 1965,0.000,0.000,0.000,0.000,0.000,0.001,0.001,0.000,0.000,0.000,0.000,0.000,0.000,0.000,0.000,0.000,0
Race to the Top,0.000,0.000,0.000,0.000,0.000,0.000,0.002,0.011,0.001,0.001,0.001,0.000,0.000,0.000,0.000,0.000,0
Bob Gates,0.000,0.000,0.000,0.000,0.000,0.001,0.001,0.001,0.001,0.000,0.001,0.000,0.000,0.000,0.000,0.000,0
Gulf States,0.000,0.000,0.000,0.000,0.000,0.000,0.000,0.000,0.000,0.000,0.000,0.000,0.000,0.000,0.000,0.000,0
Vocational Schools,0.000,0.000,0.000,0.000,0.000,0.001,0.001,0.000,0.000,0.000,0.000,0.000,0.000,0.000,0.000,0.000,0
Ryan White Act,0.000,0.007,0.002,0.000,0.000,0.000,0.000,0.000,0.000,0.000,0.000,0.000,0.000,0.000,0.000,0.000,0
Russian military action in Syria,0.000,0.000,0.000,0.000,0.000,0.000,0.000,0.000,0.000,0.000,0.000,0.000,0.000,0.000,0.000,0.000,0
Justin Peck,0.000,0.000,0.000,0.000,0.000,0.000,0.000,0.000,0.000,0.000,0.000,0.000,0.000,0.000,0.002,0.000,0
Susan Oliver,0.000,0.000,0.000,0.000,0.000,0.000,0.000,0.000,0.000,0.000,0.000,0.000,0.000,0.001,0.000,0.000,0
North Korea and weapons of mass destruction,0.000,0.000,0.000,0.000,0.000,0.000,0.000,0.000,0.000,0.000,0.000,0.000,0.000,0.000,0.000,0.000,0
LGBT adoption rights,0.000,0.000,0.000,0.000,0.001,0.001,0.000,0.000,0.000,0.000,0.000,0.000,0.000,0.000,0.000,0.000,0
Gouverneur Morris,0.000,0.000,0.000,0.000,0.000,0.000,0.000,0.000,0.000,0.000,0.000,0.000,0.000,0.000,0.000,0.000,0
Tom Harkin,0.000,0.000,0.000,0.000,0.000,0.001,0.000,0.000,0.001,0.000,0.001,0.000,0.000,0.000,0.000,0.000,0
Ba'athist,0.000,0.000,0.000,0.000,0.000,0.000,0.000,0.000,0.000,0.000,0.000,0.000,0.000,0.000,0.000,0.000,0
Richard Cordray,0.000,0.000,0.000,0.000,0.000,0.000,0.000,0.000,0.003,0.000,0.000,0.000,0.000,0.000,0.000,0.000,0
Beslan,0.000,0.000,0.000,0.000,0.000,0.000,0.000,0.000,0.000,0.000,0.000,0.000,0.000,0.000,0.000,0.000,0
Statue of Freedom,0.000,0.000,0.000,0.000,0.000,0.000,0.000,0.000,0.000,0.000,0.000,0.000,0.000,0.000,0.001,0.000,0
Russian interference in the 2016 United States elections,0.000,0.000,0.000,0.000,0.000,0.000,0.000,0.000,0.000,0.000,0.000,0.000,0.000,0.000,0.000,0.000,0
National Endowment for Democracy,0.005,0.000,0.000,0.000,0.000,0.000,0.000,0.000,0.000,0.000,0.000,0.000,0.000,0.000,0.000,0.000,0
Tom Coburn,0.000,0.000,0.000,0.000,0.000,0.001,0.001,0.001,0.000,0.001,0.002,0.000,0.000,0.000,0.000,0.000,0
Tim Johnson,0.000,0.000,0.000,0.002,0.000,0.000,0.000,0.000,0.000,0.000,0.000,0.000,0.000,0.000,0.000,0.000,0
U.S. national anthem protests,0.000,0.000,0.000,0.000,0.000,0.000,0.000,0.000,0.000,0.000,0.000,0.000,0.000,0.000,0.000,0.000,0
Abbas,0.000,0.000,0.000,0.001,0.000,0.000,0.000,0.000,0.000,0.000,0.000,0.000,0.000,0.000,0.000,0.000,0
Iraqis,0.000,0.000,0.000,0.000,0.000,0.000,0.000,0.000,0.000,0.000,0.000,0.000,0.000,0.000,0.000,0.000,0
Jamiel Shaw,0.000,0.000,0.000,0.000,0.000,0.000,0.000,0.000,0.000,0.000,0.000,0.000,0.000,0.003,0.000,0.000,0
Legal history of cannabis in the United States,0.000,0.000,0.000,0.000,0.000,0.000,0.000,0.000,0.000,0.000,0.000,0.000,0.000,0.000,0.000,0.000,0
Leonard Abess,0.000,0.000,0.000,0.000,0.000,0.012,0.000,0.000,0.000,0.000,0.000,0.000,0.000,0.000,0.000,0.000,0
Hadiya Pendleton,0.000,0.000,0.000,0.000,0.000,0.000,0.000,0.000,0.000,0.006,0.001,0.000,0.000,0.000,0.000,0.000,0
Millennium Challenge Account,0.000,0.000,0.000,0.000,0.000,0.001,0.000,0.000,0.000,0.000,0.000,0.000,0.000,0.000,0.000,0.000,0
Afghan Army,0.000,0.000,0.000,0.000,0.000,0.000,0.000,0.000,0.000,0.000,0.000,0.000,0.000,0.000,0.000,0.000,0
Anbar Province,0.000,0.000,0.000,0.000,0.000,0.000,0.000,0.000,0.000,0.000,0.000,0.000,0.000,0.000,0.000,0.000,0
Clean Power Plan,0.000,0.000,0.000,0.000,0.000,0.000,0.000,0.000,0.000,0.000,0.000,0.000,0.000,0.000,0.000,0.000,0
Nuclear Security Summit,0.000,0.000,0.000,0.000,0.000,0.000,0.000,0.000,0.000,0.000,0.000,0.000,0.000,0.000,0.000,0.000,0
Wesley Autrey,0.000,0.000,0.000,0.014,0.000,0.000,0.000,0.000,0.000,0.000,0.000,0.000,0.000,0.000,0.000,0.000,0
Bruce Randolph,0.000,0.000,0.000,0.000,0.000,0.000,0.000,0.003,0.000,0.000,0.000,0.000,0.000,0.000,0.000,0.000,0
Iraqi Army,0.000,0.000,0.000,0.000,0.000,0.000,0.000,0.000,0.000,0.000,0.000,0.000,0.000,0.000,0.000,0.000,0
Strategic Petroleum Reserve,0.000,0.000,0.000,0.002,0.000,0.000,0.000,0.000,0.000,0.000,0.000,0.000,0.000,0.000,0.000,0.000,0
Simpson-Bowles Commission,0.000,0.000,0.000,0.000,0.000,0.000,0.000,0.001,0.002,0.001,0.000,0.000,0.000,0.000,0.000,0.000,0
Sara Jo,0.000,0.000,0.000,0.000,0.000,0.000,0.000,0.000,0.000,0.000,0.000,0.000,0.000,0.000,0.000,0.000,0
HOPE NOW Alliance,0.000,0.000,0.000,0.000,0.002,0.000,0.000,0.000,0.000,0.000,0.000,0.000,0.000,0.000,0.000,0.000,0
Judd Gregg,0.000,0.000,0.000,0.000,0.000,0.001,0.001,0.000,0.000,0.000,0.000,0.000,0.000,0.000,0.000,0.000,0
Charlie Norwood,0.000,0.000,0.000,0.007,0.000,0.000,0.000,0.000,0.000,0.000,0.000,0.000,0.000,0.000,0.000,0.000,0
Electronic Classroom of Tomorrow,0.000,0.000,0.000,0.000,0.000,0.000,0.000,0.001,0.000,0.001,0.001,0.001,0.001,0.001,0.001,0.000,0
Janet Norwood,0.000,0.000,0.000,0.000,0.000,0.000,0.000,0.000,0.000,0.000,0.000,0.000,0.000,0.000,0.000,0.000,0
Ji Seong-ho,0.000,0.000,0.000,0.000,0.000,0.000,0.000,0.000,0.000,0.000,0.000,0.000,0.000,0.000,0.006,0.000,0
Golden Mosque of Samarra,0.000,0.000,0.000,0.000,0.000,0.000,0.000,0.000,0.000,0.000,0.000,0.000,0.000,0.000,0.000,0.000,0
Tim Penny,0.000,0.000,0.000,0.000,0.000,0.000,0.000,0.000,0.000,0.000,0.000,0.000,0.000,0.000,0.000,0.000,0
Staub Manufacturing Solutions,0.000,0.000,0.000,0.000,0.000,0.000,0.000,0.000,0.000,0.000,0.000,0.000,0.000,0.000,0.012,0.000,0
Kent Conrad,0.000,0.000,0.000,0.000,0.000,0.000,0.000,0.000,0.000,0.000,0.000,0.000,0.000,0.000,0.000,0.000,0
Victims of Immigration Crime Engagement,0.000,0.000,0.000,0.000,0.000,0.000,0.000,0.000,0.000,0.000,0.000,0.000,0.000,0.002,0.000,0.000,0
American Jobs Act,0.000,0.000,0.000,0.000,0.000,0.000,0.001,0.000,0.000,0.000,0.000,0.000,0.000,0.000,0.000,0.000,0
Corey Adams,0.000,0.000,0.000,0.000,0.000,0.000,0.000,0.000,0.000,0.000,0.000,0.000,0.000,0.000,0.001,0.000,0
Kayla Cuevas,0.000,0.000,0.000,0.000,0.000,0.000,0.000,0.000,0.000,0.000,0.000,0.000,0.000,0.000,0.000,0.000,0
Carryn Owens,0.000,0.000,0.000,0.000,0.000,0.000,0.000,0.000,0.000,0.000,0.000,0.000,0.000,0.001,0.000,0.000,0
Julie Aigner-Clark,0.000,0.000,0.000,0.005,0.000,0.000,0.000,0.000,0.000,0.000,0.000,0.000,0.000,0.000,0.000,0.000,0
American Competitiveness Initiative,0.000,0.000,0.002,0.000,0.000,0.000,0.000,0.000,0.000,0.000,0.000,0.000,0.000,0.000,0.000,0.000,0
Adnan Pachachi,0.004,0.000,0.000,0.000,0.000,0.000,0.000,0.000,0.000,0.000,0.000,0.000,0.000,0.000,0.000,0.000,0
Safia Taleb al-Suhail,0.000,0.004,0.000,0.000,0.000,0.000,0.000,0.000,0.000,0.000,0.000,0.000,0.000,0.000,0.000,0.000,0
Detroit Manufacturing Systems,0.000,0.000,0.000,0.000,0.000,0.000,0.000,0.000,0.000,0.000,0.000,0.000,0.000,0.000,0.000,0.000,0
Sandy Keplinger,0.000,0.000,0.000,0.000,0.000,0.000,0.000,0.000,0.000,0.000,0.000,0.000,0.000,0.000,0.000,0.000,0
Steve Staub,0.000,0.000,0.000,0.000,0.000,0.000,0.000,0.000,0.000,0.000,0.000,0.000,0.000,0.000,0.000,0.000,0
Nick Chute,0.000,0.000,0.000,0.000,0.000,0.000,0.000,0.000,0.000,0.000,0.000,0.000,0.000,0.000,0.000,0.000,0
Hurricane Harvey,0.000,0.000,0.000,0.000,0.000,0.000,0.000,0.000,0.000,0.000,0.000,0.000,0.000,0.000,0.000,0.000,0
Byron Norwood,0.000,0.000,0.000,0.000,0.000,0.000,0.000,0.000,0.000,0.000,0.000,0.000,0.000,0.000,0.000,0.000,0
Nisa Mickens,0.000,0.000,0.000,0.000,0.000,0.000,0.000,0.000,0.000,0.000,0.000,0.000,0.000,0.000,0.000,0.000,0
Ben Erler,0.000,0.000,0.000,0.000,0.000,0.000,0.000,0.000,0.000,0.000,0.000,0.000,0.000,0.000,0.000,0.000,0
Denisha Merriweather,0.000,0.000,0.000,0.000,0.000,0.000,0.000,0.000,0.000,0.000,0.000,0.000,0.000,0.000,0.000,0.000,0
Tommy Rieman,0.000,0.000,0.000,0.000,0.000,0.000,0.000,0.000,0.000,0.000,0.000,0.000,0.000,0.000,0.000,0.000,0
Ryan Holets,0.000,0.000,0.000,0.000,0.000,0.000,0.000,0.000,0.000,0.000,0.000,0.000,0.000,0.000,0.000,0.000,0
Cajun Navy,0.000,0.000,0.000,0.000,0.000,0.000,0.000,0.000,0.000,0.000,0.000,0.000,0.000,0.000,0.000,0.000,0
Jackie Bray,0.000,0.000,0.000,0.000,0.000,0.000,0.000,0.000,0.000,0.000,0.000,0.000,0.000,0.000,0.000,0.000,0
Freddy Cuevas,0.000,0.000,0.000,0.000,0.000,0.000,0.000,0.000,0.000,0.000,0.000,0.000,0.000,0.000,0.000,0.000,0
Iraqi Governing Council,0.000,0.000,0.000,0.000,0.000,0.000,0.000,0.000,0.000,0.000,0.000,0.000,0.000,0.000,0.000,0.000,0
John Breaux,0.000,0.000,0.000,0.000,0.000,0.000,0.000,0.000,0.000,0.000,0.000,0.000,0.000,0.000,0.000,0.000,0
Hambali,0.000,0.000,0.000,0.000,0.000,0.000,0.000,0.000,0.000,0.000,0.000,0.000,0.000,0.000,0.000,0.000,0
Provincial Reconstruction Teams,0.000,0.000,0.000,0.000,0.000,0.000,0.000,0.000,0.000,0.000,0.000,0.000,0.000,0.000,0.000,0.000,0
George Miller,0.000,0.000,0.000,0.000,0.000,0.000,0.000,0.000,0.000,0.000,0.000,0.000,0.000,0.000,0.000,0.000,0
Pierre Gemayel,0.000,0.000,0.000,0.000,0.000,0.000,0.000,0.000,0.000,0.000,0.000,0.000,0.000,0.000,0.000,0.000,0
Allawi,0.000,0.000,0.000,0.000,0.000,0.000,0.000,0.000,0.000,0.000,0.000,0.000,0.000,0.000,0.000,0.000,0
Syrian Accountability Act,0.000,0.000,0.000,0.000,0.000,0.000,0.000,0.000,0.000,0.000,0.000,0.000,0.000,0.000,0.000,0.000,0
Iraqi Government,0.000,0.000,0.000,0.000,0.000,0.000,0.000,0.000,0.000,0.000,0.000,0.000,0.000,0.000,0.000,0.000,0
Cedar Revolution,0.000,0.000,0.000,0.000,0.000,0.000,0.000,0.000,0.000,0.000,0.000,0.000,0.000,0.000,0.000,0.000,0
Proliferation Security Initiative,0.000,0.000,0.000,0.000,0.000,0.000,0.000,0.000,0.000,0.000,0.000,0.000,0.000,0.000,0.000,0.000,0
Alexandria Police,0.000,0.000,0.000,0.000,0.000,0.000,0.000,0.000,0.000,0.000,0.000,0.000,0.000,0.000,0.000,0.000,0
Sana'a,0.000,0.000,0.000,0.000,0.000,0.000,0.000,0.000,0.000,0.000,0.000,0.000,0.000,0.000,0.000,0.000,0
Mazda,0.000,0.000,0.000,0.000,0.000,0.000,0.000,0.000,0.000,0.000,0.000,0.000,0.000,0.000,0.000,0.000,0
Maureen Scalia,0.000,0.000,0.000,0.000,0.000,0.000,0.000,0.000,0.000,0.000,0.000,0.000,0.000,0.000,0.000,0.000,0
National Export Initiative,0.000,0.000,0.000,0.000,0.000,0.000,0.000,0.000,0.000,0.000,0.000,0.000,0.000,0.000,0.000,0.000,0
Darfur,0.000,0.000,0.000,0.000,0.000,0.000,0.000,0.000,0.000,0.000,0.000,0.000,0.000,0.000,0.000,0.000,0
Tax Cuts of 2017,0.000,0.000,0.000,0.000,0.000,0.000,0.000,0.000,0.000,0.000,0.000,0.000,0.000,0.000,0.000,0.000,0
Single-payer healthcare,0.000,0.000,0.000,0.000,0.000,0.000,0.000,0.000,0.000,0.000,0.000,0.000,0.000,0.000,0.000,0.000,0
Gender workplace diversity,0.000,0.000,0.000,0.000,0.000,0.000,0.000,0.000,0.000,0.000,0.000,0.000,0.000,0.000,0.000,0.000,0
Transgender people in the military,0.000,0.000,0.000,0.000,0.000,0.000,0.000,0.000,0.000,0.000,0.000,0.000,0.000,0.000,0.000,0.000,0
Maternity leave in the United States,0.000,0.000,0.000,0.000,0.000,0.000,0.000,0.000,0.000,0.000,0.000,0.000,0.000,0.000,0.000,0.000,0
India,0.000,0.000,0.213,0.000,0.195,0.000,0.180,0.160,0.000,0.000,0.000,0.000,0.000,0.000,0.000,0.000,0
Canada,0.000,0.000,0.000,0.000,0.000,0.000,0.000,0.000,0.000,0.000,0.000,0.000,0.000,0.000,0.000,0.000,0
Japan,0.000,0.000,0.000,0.000,0.000,0.134,0.119,0.000,0.000,0.000,0.000,0.000,0.000,0.000,0.000,0.000,0
Mortgage Loan,0.000,0.000,0.216,0.000,0.329,0.268,0.166,0.147,0.163,0.130,0.000,0.140,0.000,0.000,0.000,0.000,0
Africa,0.000,0.000,0.000,0.110,0.000,0.000,0.000,0.000,0.000,0.000,0.075,0.000,0.000,0.000,0.000,0.000,0
Europe,0.000,0.000,0.137,0.000,0.000,0.000,0.000,0.084,0.077,0.000,0.077,0.000,0.000,0.000,0.000,0.000,0
France,0.000,0.000,0.000,0.000,0.000,0.000,0.000,0.000,0.000,0.000,0.000,0.000,0.000,0.000,0.000,0.000,0
Germany,0.000,0.000,0.000,0.000,0.000,0.088,0.095,0.000,0.073,0.000,0.000,0.000,0.000,0.000,0.000,0.000,0
Italy,0.000,0.000,0.000,0.000,0.000,0.084,0.000,0.000,0.000,0.000,0.000,0.000,0.000,0.000,0.000,0.000,0
Supreme Court,0.021,0.025,0.055,0.019,0.016,0.021,0.067,0.024,0.023,0.021,0.018,0.023,0.020,0.024,0.024,0.000,0
Asia,0.000,0.000,0.000,0.000,0.000,0.000,0.064,0.071,0.068,0.069,0.071,0.083,0.064,0.000,0.000,0.000,0
Spain,0.000,0.103,0.000,0.000,0.000,0.000,0.000,0.000,0.000,0.000,0.000,0.000,0.000,0.000,0.000,0.000,0
Democracy,0.030,0.026,0.027,0.018,0.021,0.019,0.018,0.015,0.016,0.016,0.018,0.018,0.022,0.000,0.000,0.000,0
Philippines,0.000,0.000,0.000,0.043,0.000,0.054,0.000,0.043,0.000,0.000,0.000,0.000,0.000,0.000,0.000,0.000,0